!!!SBtab Document='Model'								
								
!!SBtab TableID='Reaction' TableType='Reaction' TableName='Reaction'								
!ID	!ReactionFormula	!Name	!NameForPlots	!Identifiers:kegg.reaction	!IsReversible	!Gene	!KineticLaw:Name	!KineticLaw:Formula
PTS_RPTSsy	D_Glucose + Phosphoenolpyruvate <=> Pyruvate + D_Glucose_6_phosphate	PTS_RPTSsy	pts	RPTSsy	True	PTS	Common saturable (CM)	u_R1 * ( kC_R1 * sqrt( kEQ_R1  * kM_R1_D_Glucose * kM_R1_Phosphoenolpyruvate / kM_R1_Pyruvate / kM_R1_D_Glucose_6_phosphate ) * ( D_Glucose / kM_R1_D_Glucose ) * ( Phosphoenolpyruvate / kM_R1_Phosphoenolpyruvate ) - kC_R1 / sqrt( kEQ_R1  * kM_R1_D_Glucose * kM_R1_Phosphoenolpyruvate / kM_R1_Pyruvate / kM_R1_D_Glucose_6_phosphate ) * ( Pyruvate / kM_R1_Pyruvate ) * ( D_Glucose_6_phosphate / kM_R1_D_Glucose_6_phosphate ) ) / ( ( 1 + D_Glucose / kM_R1_D_Glucose ) * ( 1 + Phosphoenolpyruvate / kM_R1_Phosphoenolpyruvate ) + ( 1 + Pyruvate / kM_R1_Pyruvate ) * ( 1 + D_Glucose_6_phosphate / kM_R1_D_Glucose_6_phosphate ) - 1 )
PGI_R02740	D_Glucose_6_phosphate <=> D_Fructose_6_phosphate	PGI_R02740	pgi	R02740	True	PGI	Common saturable (CM)	u_R2 * ( kC_R2 * sqrt( kEQ_R2  * kM_R2_D_Glucose_6_phosphate / kM_R2_D_Fructose_6_phosphate ) * ( D_Glucose_6_phosphate / kM_R2_D_Glucose_6_phosphate ) - kC_R2 / sqrt( kEQ_R2  * kM_R2_D_Glucose_6_phosphate / kM_R2_D_Fructose_6_phosphate ) * ( D_Fructose_6_phosphate / kM_R2_D_Fructose_6_phosphate ) ) / ( ( 1 + D_Glucose_6_phosphate / kM_R2_D_Glucose_6_phosphate ) + ( 1 + D_Fructose_6_phosphate / kM_R2_D_Fructose_6_phosphate ) - 1 )
PFK_R04779	ATP + D_Fructose_6_phosphate <=> ADP + D_Fructose_1_6_bisphosphate	PFK_R04779	pfk	R04779	True	PFK	Common saturable (CM)	u_R3 * ( kC_R3 * sqrt( kEQ_R3  * kM_R3_ATP * kM_R3_D_Fructose_6_phosphate / kM_R3_ADP / kM_R3_D_Fructose_1_6_bisphosphate ) * ( ATP / kM_R3_ATP ) * ( D_Fructose_6_phosphate / kM_R3_D_Fructose_6_phosphate ) - kC_R3 / sqrt( kEQ_R3  * kM_R3_ATP * kM_R3_D_Fructose_6_phosphate / kM_R3_ADP / kM_R3_D_Fructose_1_6_bisphosphate ) * ( ADP / kM_R3_ADP ) * ( D_Fructose_1_6_bisphosphate / kM_R3_D_Fructose_1_6_bisphosphate ) ) / ( ( 1 + ATP / kM_R3_ATP ) * ( 1 + D_Fructose_6_phosphate / kM_R3_D_Fructose_6_phosphate ) + ( 1 + ADP / kM_R3_ADP ) * ( 1 + D_Fructose_1_6_bisphosphate / kM_R3_D_Fructose_1_6_bisphosphate ) - 1 )
ALD_R01070	D_Fructose_1_6_bisphosphate <=> Glycerone_phosphate + D_Glyceraldehyde_3_phosphate	ALD_R01070	fba	R01070	True	FBA	Common saturable (CM)	u_R4 * ( kC_R4 * sqrt( kEQ_R4  * kM_R4_D_Fructose_1_6_bisphosphate / kM_R4_Glycerone_phosphate / kM_R4_D_Glyceraldehyde_3_phosphate ) * ( D_Fructose_1_6_bisphosphate / kM_R4_D_Fructose_1_6_bisphosphate ) - kC_R4 / sqrt( kEQ_R4  * kM_R4_D_Fructose_1_6_bisphosphate / kM_R4_Glycerone_phosphate / kM_R4_D_Glyceraldehyde_3_phosphate ) * ( Glycerone_phosphate / kM_R4_Glycerone_phosphate ) * ( D_Glyceraldehyde_3_phosphate / kM_R4_D_Glyceraldehyde_3_phosphate ) ) / ( ( 1 + D_Fructose_1_6_bisphosphate / kM_R4_D_Fructose_1_6_bisphosphate ) + ( 1 + Glycerone_phosphate / kM_R4_Glycerone_phosphate ) * ( 1 + D_Glyceraldehyde_3_phosphate / kM_R4_D_Glyceraldehyde_3_phosphate ) - 1 )
TIM_R01015	Glycerone_phosphate <=> D_Glyceraldehyde_3_phosphate	TIM_R01015	tpi	R01015	True	TPI	Common saturable (CM)	u_R5 * ( kC_R5 * sqrt( kEQ_R5  * kM_R5_Glycerone_phosphate / kM_R5_D_Glyceraldehyde_3_phosphate ) * ( Glycerone_phosphate / kM_R5_Glycerone_phosphate ) - kC_R5 / sqrt( kEQ_R5  * kM_R5_Glycerone_phosphate / kM_R5_D_Glyceraldehyde_3_phosphate ) * ( D_Glyceraldehyde_3_phosphate / kM_R5_D_Glyceraldehyde_3_phosphate ) ) / ( ( 1 + Glycerone_phosphate / kM_R5_Glycerone_phosphate ) + ( 1 + D_Glyceraldehyde_3_phosphate / kM_R5_D_Glyceraldehyde_3_phosphate ) - 1 )
GAP_R01061	Orthophosphate + NADplus + D_Glyceraldehyde_3_phosphate <=> NADH + _3_Phospho_D_glyceroyl_phosphate	GAP_R01061	gap	R01061	True	GAP	Common saturable (CM)	u_R6 * ( kC_R6 * sqrt( kEQ_R6  * kM_R6_Orthophosphate * kM_R6_NADplus * kM_R6_D_Glyceraldehyde_3_phosphate / kM_R6_NADH / kM_R6__3_Phospho_D_glyceroyl_phosphate ) * ( Orthophosphate / kM_R6_Orthophosphate ) * ( NADplus / kM_R6_NADplus ) * ( D_Glyceraldehyde_3_phosphate / kM_R6_D_Glyceraldehyde_3_phosphate ) - kC_R6 / sqrt( kEQ_R6  * kM_R6_Orthophosphate * kM_R6_NADplus * kM_R6_D_Glyceraldehyde_3_phosphate / kM_R6_NADH / kM_R6__3_Phospho_D_glyceroyl_phosphate ) * ( NADH / kM_R6_NADH ) * ( _3_Phospho_D_glyceroyl_phosphate / kM_R6__3_Phospho_D_glyceroyl_phosphate ) ) / ( ( 1 + Orthophosphate / kM_R6_Orthophosphate ) * ( 1 + NADplus / kM_R6_NADplus ) * ( 1 + D_Glyceraldehyde_3_phosphate / kM_R6_D_Glyceraldehyde_3_phosphate ) + ( 1 + NADH / kM_R6_NADH ) * ( 1 + _3_Phospho_D_glyceroyl_phosphate / kM_R6__3_Phospho_D_glyceroyl_phosphate ) - 1 )
PGK_R01512	ADP + _3_Phospho_D_glyceroyl_phosphate <=> ATP + _3_Phospho_D_glycerate	PGK_R01512	pgk	R01512	True	PGK	Common saturable (CM)	u_R7 * ( kC_R7 * sqrt( kEQ_R7  * kM_R7_ADP * kM_R7__3_Phospho_D_glyceroyl_phosphate / kM_R7_ATP / kM_R7__3_Phospho_D_glycerate ) * ( ADP / kM_R7_ADP ) * ( _3_Phospho_D_glyceroyl_phosphate / kM_R7__3_Phospho_D_glyceroyl_phosphate ) - kC_R7 / sqrt( kEQ_R7  * kM_R7_ADP * kM_R7__3_Phospho_D_glyceroyl_phosphate / kM_R7_ATP / kM_R7__3_Phospho_D_glycerate ) * ( ATP / kM_R7_ATP ) * ( _3_Phospho_D_glycerate / kM_R7__3_Phospho_D_glycerate ) ) / ( ( 1 + ADP / kM_R7_ADP ) * ( 1 + _3_Phospho_D_glyceroyl_phosphate / kM_R7__3_Phospho_D_glyceroyl_phosphate ) + ( 1 + ATP / kM_R7_ATP ) * ( 1 + _3_Phospho_D_glycerate / kM_R7__3_Phospho_D_glycerate ) - 1 )
PGM_R01518	_3_Phospho_D_glycerate <=> _2_Phospho_D_glycerate	PGM_R01518	gpm	R01518	True	GPM	Common saturable (CM)	u_R8 * ( kC_R8 * sqrt( kEQ_R8  * kM_R8__3_Phospho_D_glycerate / kM_R8__2_Phospho_D_glycerate ) * ( _3_Phospho_D_glycerate / kM_R8__3_Phospho_D_glycerate ) - kC_R8 / sqrt( kEQ_R8  * kM_R8__3_Phospho_D_glycerate / kM_R8__2_Phospho_D_glycerate ) * ( _2_Phospho_D_glycerate / kM_R8__2_Phospho_D_glycerate ) ) / ( ( 1 + _3_Phospho_D_glycerate / kM_R8__3_Phospho_D_glycerate ) + ( 1 + _2_Phospho_D_glycerate / kM_R8__2_Phospho_D_glycerate ) - 1 )
PGH_R00658	_2_Phospho_D_glycerate <=> Phosphoenolpyruvate	PGH_R00658	eno	R00658	True	ENO	Common saturable (CM)	u_R9 * ( kC_R9 * sqrt( kEQ_R9  * kM_R9__2_Phospho_D_glycerate / kM_R9_Phosphoenolpyruvate ) * ( _2_Phospho_D_glycerate / kM_R9__2_Phospho_D_glycerate ) - kC_R9 / sqrt( kEQ_R9  * kM_R9__2_Phospho_D_glycerate / kM_R9_Phosphoenolpyruvate ) * ( Phosphoenolpyruvate / kM_R9_Phosphoenolpyruvate ) ) / ( ( 1 + _2_Phospho_D_glycerate / kM_R9__2_Phospho_D_glycerate ) + ( 1 + Phosphoenolpyruvate / kM_R9_Phosphoenolpyruvate ) - 1 )
PYK_R00200	ADP + Phosphoenolpyruvate <=> Pyruvate + ATP	PYK_R00200	pyk	R00200	True	PYK	Common saturable (CM)	u_R10 * ( kC_R10 * sqrt( kEQ_R10  * kM_R10_ADP * kM_R10_Phosphoenolpyruvate / kM_R10_Pyruvate / kM_R10_ATP ) * ( ADP / kM_R10_ADP ) * ( Phosphoenolpyruvate / kM_R10_Phosphoenolpyruvate ) - kC_R10 / sqrt( kEQ_R10  * kM_R10_ADP * kM_R10_Phosphoenolpyruvate / kM_R10_Pyruvate / kM_R10_ATP ) * ( Pyruvate / kM_R10_Pyruvate ) * ( ATP / kM_R10_ATP ) ) / ( ( 1 + ADP / kM_R10_ADP ) * ( 1 + Phosphoenolpyruvate / kM_R10_Phosphoenolpyruvate ) + ( 1 + Pyruvate / kM_R10_Pyruvate ) * ( 1 + ATP / kM_R10_ATP ) - 1 )
PDH_R00209	Pyruvate + NADplus + CoA <=> Acetyl_CoA + NADH + CO2	PDH_R00209	pdh	R00209	True	PDH	Common saturable (CM)	u_R11 * ( kC_R11 * sqrt( kEQ_R11  * kM_R11_Pyruvate * kM_R11_NADplus * kM_R11_CoA / kM_R11_Acetyl_CoA / kM_R11_NADH / kM_R11_CO2 ) * ( Pyruvate / kM_R11_Pyruvate ) * ( NADplus / kM_R11_NADplus ) * ( CoA / kM_R11_CoA ) - kC_R11 / sqrt( kEQ_R11  * kM_R11_Pyruvate * kM_R11_NADplus * kM_R11_CoA / kM_R11_Acetyl_CoA / kM_R11_NADH / kM_R11_CO2 ) * ( Acetyl_CoA / kM_R11_Acetyl_CoA ) * ( NADH / kM_R11_NADH ) * ( CO2 / kM_R11_CO2 ) ) / ( ( 1 + Pyruvate / kM_R11_Pyruvate ) * ( 1 + NADplus / kM_R11_NADplus ) * ( 1 + CoA / kM_R11_CoA ) + ( 1 + Acetyl_CoA / kM_R11_Acetyl_CoA ) * ( 1 + NADH / kM_R11_NADH ) * ( 1 + CO2 / kM_R11_CO2 ) - 1 )
ZWF_R00835	NADPplus + D_Glucose_6_phosphate <=> NADPH + D_Glucono_1_5_lactone_6_phosphate	ZWF_R00835	zwf	R00835	True	ZWF	Common saturable (CM)	u_R12 * ( kC_R12 * sqrt( kEQ_R12  * kM_R12_NADPplus * kM_R12_D_Glucose_6_phosphate / kM_R12_NADPH / kM_R12_D_Glucono_1_5_lactone_6_phosphate ) * ( NADPplus / kM_R12_NADPplus ) * ( D_Glucose_6_phosphate / kM_R12_D_Glucose_6_phosphate ) - kC_R12 / sqrt( kEQ_R12  * kM_R12_NADPplus * kM_R12_D_Glucose_6_phosphate / kM_R12_NADPH / kM_R12_D_Glucono_1_5_lactone_6_phosphate ) * ( NADPH / kM_R12_NADPH ) * ( D_Glucono_1_5_lactone_6_phosphate / kM_R12_D_Glucono_1_5_lactone_6_phosphate ) ) / ( ( 1 + NADPplus / kM_R12_NADPplus ) * ( 1 + D_Glucose_6_phosphate / kM_R12_D_Glucose_6_phosphate ) + ( 1 + NADPH / kM_R12_NADPH ) * ( 1 + D_Glucono_1_5_lactone_6_phosphate / kM_R12_D_Glucono_1_5_lactone_6_phosphate ) - 1 )
GLH_R02035	D_Glucono_1_5_lactone_6_phosphate <=> _6_Phospho_D_gluconate	GLH_R02035	pgl	R02035	True	PGL	Common saturable (CM)	u_R13 * ( kC_R13 * sqrt( kEQ_R13  * kM_R13_D_Glucono_1_5_lactone_6_phosphate / kM_R13__6_Phospho_D_gluconate ) * ( D_Glucono_1_5_lactone_6_phosphate / kM_R13_D_Glucono_1_5_lactone_6_phosphate ) - kC_R13 / sqrt( kEQ_R13  * kM_R13_D_Glucono_1_5_lactone_6_phosphate / kM_R13__6_Phospho_D_gluconate ) * ( _6_Phospho_D_gluconate / kM_R13__6_Phospho_D_gluconate ) ) / ( ( 1 + D_Glucono_1_5_lactone_6_phosphate / kM_R13_D_Glucono_1_5_lactone_6_phosphate ) + ( 1 + _6_Phospho_D_gluconate / kM_R13__6_Phospho_D_gluconate ) - 1 )
PGD_R01528	_6_Phospho_D_gluconate + NADPplus <=> NADPH + D_Ribulose_5_phosphate + CO2	PGD_R01528	gnd	R01528	True	GND	Common saturable (CM)	u_R14 * ( kC_R14 * sqrt( kEQ_R14  * kM_R14__6_Phospho_D_gluconate * kM_R14_NADPplus / kM_R14_NADPH / kM_R14_D_Ribulose_5_phosphate / kM_R14_CO2 ) * ( _6_Phospho_D_gluconate / kM_R14__6_Phospho_D_gluconate ) * ( NADPplus / kM_R14_NADPplus ) - kC_R14 / sqrt( kEQ_R14  * kM_R14__6_Phospho_D_gluconate * kM_R14_NADPplus / kM_R14_NADPH / kM_R14_D_Ribulose_5_phosphate / kM_R14_CO2 ) * ( NADPH / kM_R14_NADPH ) * ( D_Ribulose_5_phosphate / kM_R14_D_Ribulose_5_phosphate ) * ( CO2 / kM_R14_CO2 ) ) / ( ( 1 + _6_Phospho_D_gluconate / kM_R14__6_Phospho_D_gluconate ) * ( 1 + NADPplus / kM_R14_NADPplus ) + ( 1 + NADPH / kM_R14_NADPH ) * ( 1 + D_Ribulose_5_phosphate / kM_R14_D_Ribulose_5_phosphate ) * ( 1 + CO2 / kM_R14_CO2 ) - 1 )
RPI_R01056	D_Ribulose_5_phosphate <=> D_Ribose_5_phosphate	RPI_R01056	rpi	R01056	True	RPI	Common saturable (CM)	u_R15 * ( kC_R15 * sqrt( kEQ_R15  * kM_R15_D_Ribulose_5_phosphate / kM_R15_D_Ribose_5_phosphate ) * ( D_Ribulose_5_phosphate / kM_R15_D_Ribulose_5_phosphate ) - kC_R15 / sqrt( kEQ_R15  * kM_R15_D_Ribulose_5_phosphate / kM_R15_D_Ribose_5_phosphate ) * ( D_Ribose_5_phosphate / kM_R15_D_Ribose_5_phosphate ) ) / ( ( 1 + D_Ribulose_5_phosphate / kM_R15_D_Ribulose_5_phosphate ) + ( 1 + D_Ribose_5_phosphate / kM_R15_D_Ribose_5_phosphate ) - 1 )
RPE_R01529	D_Ribulose_5_phosphate <=> D_Xylulose_5_phosphate	RPE_R01529	rpe	R01529	True	RPE	Common saturable (CM)	u_R16 * ( kC_R16 * sqrt( kEQ_R16  * kM_R16_D_Ribulose_5_phosphate / kM_R16_D_Xylulose_5_phosphate ) * ( D_Ribulose_5_phosphate / kM_R16_D_Ribulose_5_phosphate ) - kC_R16 / sqrt( kEQ_R16  * kM_R16_D_Ribulose_5_phosphate / kM_R16_D_Xylulose_5_phosphate ) * ( D_Xylulose_5_phosphate / kM_R16_D_Xylulose_5_phosphate ) ) / ( ( 1 + D_Ribulose_5_phosphate / kM_R16_D_Ribulose_5_phosphate ) + ( 1 + D_Xylulose_5_phosphate / kM_R16_D_Xylulose_5_phosphate ) - 1 )
TXT_R01641	D_Xylulose_5_phosphate + D_Ribose_5_phosphate <=> D_Glyceraldehyde_3_phosphate + Sedoheptulose_7_phosphate	TXT_R01641	tkt1	R01641	True	TKT1	Common saturable (CM)	u_R17 * ( kC_R17 * sqrt( kEQ_R17  * kM_R17_D_Xylulose_5_phosphate * kM_R17_D_Ribose_5_phosphate / kM_R17_D_Glyceraldehyde_3_phosphate / kM_R17_Sedoheptulose_7_phosphate ) * ( D_Xylulose_5_phosphate / kM_R17_D_Xylulose_5_phosphate ) * ( D_Ribose_5_phosphate / kM_R17_D_Ribose_5_phosphate ) - kC_R17 / sqrt( kEQ_R17  * kM_R17_D_Xylulose_5_phosphate * kM_R17_D_Ribose_5_phosphate / kM_R17_D_Glyceraldehyde_3_phosphate / kM_R17_Sedoheptulose_7_phosphate ) * ( D_Glyceraldehyde_3_phosphate / kM_R17_D_Glyceraldehyde_3_phosphate ) * ( Sedoheptulose_7_phosphate / kM_R17_Sedoheptulose_7_phosphate ) ) / ( ( 1 + D_Xylulose_5_phosphate / kM_R17_D_Xylulose_5_phosphate ) * ( 1 + D_Ribose_5_phosphate / kM_R17_D_Ribose_5_phosphate ) + ( 1 + D_Glyceraldehyde_3_phosphate / kM_R17_D_Glyceraldehyde_3_phosphate ) * ( 1 + Sedoheptulose_7_phosphate / kM_R17_Sedoheptulose_7_phosphate ) - 1 )
TAL_R08575	D_Glyceraldehyde_3_phosphate + Sedoheptulose_7_phosphate <=> D_Erythrose_4_phosphate + D_Fructose_6_phosphate	TAL_R08575	tal	R08575	True	TAL	Common saturable (CM)	u_R18 * ( kC_R18 * sqrt( kEQ_R18  * kM_R18_D_Glyceraldehyde_3_phosphate * kM_R18_Sedoheptulose_7_phosphate / kM_R18_D_Erythrose_4_phosphate / kM_R18_D_Fructose_6_phosphate ) * ( D_Glyceraldehyde_3_phosphate / kM_R18_D_Glyceraldehyde_3_phosphate ) * ( Sedoheptulose_7_phosphate / kM_R18_Sedoheptulose_7_phosphate ) - kC_R18 / sqrt( kEQ_R18  * kM_R18_D_Glyceraldehyde_3_phosphate * kM_R18_Sedoheptulose_7_phosphate / kM_R18_D_Erythrose_4_phosphate / kM_R18_D_Fructose_6_phosphate ) * ( D_Erythrose_4_phosphate / kM_R18_D_Erythrose_4_phosphate ) * ( D_Fructose_6_phosphate / kM_R18_D_Fructose_6_phosphate ) ) / ( ( 1 + D_Glyceraldehyde_3_phosphate / kM_R18_D_Glyceraldehyde_3_phosphate ) * ( 1 + Sedoheptulose_7_phosphate / kM_R18_Sedoheptulose_7_phosphate ) + ( 1 + D_Erythrose_4_phosphate / kM_R18_D_Erythrose_4_phosphate ) * ( 1 + D_Fructose_6_phosphate / kM_R18_D_Fructose_6_phosphate ) - 1 )
TXT_R01067	D_Erythrose_4_phosphate + D_Xylulose_5_phosphate <=> D_Glyceraldehyde_3_phosphate + D_Fructose_6_phosphate	TXT_R01067	tkt2	R01067	True	TKT2	Common saturable (CM)	u_R19 * ( kC_R19 * sqrt( kEQ_R19  * kM_R19_D_Erythrose_4_phosphate * kM_R19_D_Xylulose_5_phosphate / kM_R19_D_Glyceraldehyde_3_phosphate / kM_R19_D_Fructose_6_phosphate ) * ( D_Erythrose_4_phosphate / kM_R19_D_Erythrose_4_phosphate ) * ( D_Xylulose_5_phosphate / kM_R19_D_Xylulose_5_phosphate ) - kC_R19 / sqrt( kEQ_R19  * kM_R19_D_Erythrose_4_phosphate * kM_R19_D_Xylulose_5_phosphate / kM_R19_D_Glyceraldehyde_3_phosphate / kM_R19_D_Fructose_6_phosphate ) * ( D_Glyceraldehyde_3_phosphate / kM_R19_D_Glyceraldehyde_3_phosphate ) * ( D_Fructose_6_phosphate / kM_R19_D_Fructose_6_phosphate ) ) / ( ( 1 + D_Erythrose_4_phosphate / kM_R19_D_Erythrose_4_phosphate ) * ( 1 + D_Xylulose_5_phosphate / kM_R19_D_Xylulose_5_phosphate ) + ( 1 + D_Glyceraldehyde_3_phosphate / kM_R19_D_Glyceraldehyde_3_phosphate ) * ( 1 + D_Fructose_6_phosphate / kM_R19_D_Fructose_6_phosphate ) - 1 )
CSN_R00351	Acetyl_CoA + Oxaloacetate <=> CoA + Citrate	CSN_R00351	csn	R00351	True	CSN	Common saturable (CM)	u_R20 * ( kC_R20 * sqrt( kEQ_R20  * kM_R20_Acetyl_CoA * kM_R20_Oxaloacetate / kM_R20_CoA / kM_R20_Citrate ) * ( Acetyl_CoA / kM_R20_Acetyl_CoA ) * ( Oxaloacetate / kM_R20_Oxaloacetate ) - kC_R20 / sqrt( kEQ_R20  * kM_R20_Acetyl_CoA * kM_R20_Oxaloacetate / kM_R20_CoA / kM_R20_Citrate ) * ( CoA / kM_R20_CoA ) * ( Citrate / kM_R20_Citrate ) ) / ( ( 1 + Acetyl_CoA / kM_R20_Acetyl_CoA ) * ( 1 + Oxaloacetate / kM_R20_Oxaloacetate ) + ( 1 + CoA / kM_R20_CoA ) * ( 1 + Citrate / kM_R20_Citrate ) - 1 )
ACN_R01325	Citrate <=> cis_Aconitate	ACN_R01325	acn1	R01325	True	ACN1	Common saturable (CM)	u_R21 * ( kC_R21 * sqrt( kEQ_R21  * kM_R21_Citrate / kM_R21_cis_Aconitate ) * ( Citrate / kM_R21_Citrate ) - kC_R21 / sqrt( kEQ_R21  * kM_R21_Citrate / kM_R21_cis_Aconitate ) * ( cis_Aconitate / kM_R21_cis_Aconitate ) ) / ( ( 1 + Citrate / kM_R21_Citrate ) + ( 1 + cis_Aconitate / kM_R21_cis_Aconitate ) - 1 )
ACN_R01900	cis_Aconitate <=> Isocitrate	ACN_R01900	acn2	R01900	True	ACN2	Common saturable (CM)	u_R22 * ( kC_R22 * sqrt( kEQ_R22  * kM_R22_cis_Aconitate / kM_R22_Isocitrate ) * ( cis_Aconitate / kM_R22_cis_Aconitate ) - kC_R22 / sqrt( kEQ_R22  * kM_R22_cis_Aconitate / kM_R22_Isocitrate ) * ( Isocitrate / kM_R22_Isocitrate ) ) / ( ( 1 + cis_Aconitate / kM_R22_cis_Aconitate ) + ( 1 + Isocitrate / kM_R22_Isocitrate ) - 1 )
ICD_R00709	NADplus + Isocitrate <=> NADH + _2_Oxoglutarate + CO2	ICD_R00709	icd	R00709	True	ICD	Common saturable (CM)	u_R23 * ( kC_R23 * sqrt( kEQ_R23  * kM_R23_NADplus * kM_R23_Isocitrate / kM_R23_NADH / kM_R23__2_Oxoglutarate / kM_R23_CO2 ) * ( NADplus / kM_R23_NADplus ) * ( Isocitrate / kM_R23_Isocitrate ) - kC_R23 / sqrt( kEQ_R23  * kM_R23_NADplus * kM_R23_Isocitrate / kM_R23_NADH / kM_R23__2_Oxoglutarate / kM_R23_CO2 ) * ( NADH / kM_R23_NADH ) * ( _2_Oxoglutarate / kM_R23__2_Oxoglutarate ) * ( CO2 / kM_R23_CO2 ) ) / ( ( 1 + NADplus / kM_R23_NADplus ) * ( 1 + Isocitrate / kM_R23_Isocitrate ) + ( 1 + NADH / kM_R23_NADH ) * ( 1 + _2_Oxoglutarate / kM_R23__2_Oxoglutarate ) * ( 1 + CO2 / kM_R23_CO2 ) - 1 )
KGD_R08549	NADplus + _2_Oxoglutarate + CoA <=> NADH + CO2 + Succinyl_CoA	KGD_R08549	kgd	R08549	True	KGD	Common saturable (CM)	u_R24 * ( kC_R24 * sqrt( kEQ_R24  * kM_R24_NADplus * kM_R24__2_Oxoglutarate * kM_R24_CoA / kM_R24_NADH / kM_R24_CO2 / kM_R24_Succinyl_CoA ) * ( NADplus / kM_R24_NADplus ) * ( _2_Oxoglutarate / kM_R24__2_Oxoglutarate ) * ( CoA / kM_R24_CoA ) - kC_R24 / sqrt( kEQ_R24  * kM_R24_NADplus * kM_R24__2_Oxoglutarate * kM_R24_CoA / kM_R24_NADH / kM_R24_CO2 / kM_R24_Succinyl_CoA ) * ( NADH / kM_R24_NADH ) * ( CO2 / kM_R24_CO2 ) * ( Succinyl_CoA / kM_R24_Succinyl_CoA ) ) / ( ( 1 + NADplus / kM_R24_NADplus ) * ( 1 + _2_Oxoglutarate / kM_R24__2_Oxoglutarate ) * ( 1 + CoA / kM_R24_CoA ) + ( 1 + NADH / kM_R24_NADH ) * ( 1 + CO2 / kM_R24_CO2 ) * ( 1 + Succinyl_CoA / kM_R24_Succinyl_CoA ) - 1 )
SCS_R00405	Orthophosphate + ADP + Succinyl_CoA <=> ATP + CoA + Succinate	SCS_R00405	scs	R00405	True	SCS	Common saturable (CM)	u_R25 * ( kC_R25 * sqrt( kEQ_R25  * kM_R25_Orthophosphate * kM_R25_ADP * kM_R25_Succinyl_CoA / kM_R25_ATP / kM_R25_CoA / kM_R25_Succinate ) * ( Orthophosphate / kM_R25_Orthophosphate ) * ( ADP / kM_R25_ADP ) * ( Succinyl_CoA / kM_R25_Succinyl_CoA ) - kC_R25 / sqrt( kEQ_R25  * kM_R25_Orthophosphate * kM_R25_ADP * kM_R25_Succinyl_CoA / kM_R25_ATP / kM_R25_CoA / kM_R25_Succinate ) * ( ATP / kM_R25_ATP ) * ( CoA / kM_R25_CoA ) * ( Succinate / kM_R25_Succinate ) ) / ( ( 1 + Orthophosphate / kM_R25_Orthophosphate ) * ( 1 + ADP / kM_R25_ADP ) * ( 1 + Succinyl_CoA / kM_R25_Succinyl_CoA ) + ( 1 + ATP / kM_R25_ATP ) * ( 1 + CoA / kM_R25_CoA ) * ( 1 + Succinate / kM_R25_Succinate ) - 1 )
SDH_R02164	Ubiquinone + Succinate <=> Fumarate + Ubiquinol	SDH_R02164	sdh	R02164	True	SDH	Common saturable (CM)	u_R26 * ( kC_R26 * sqrt( kEQ_R26  * kM_R26_Ubiquinone * kM_R26_Succinate / kM_R26_Fumarate / kM_R26_Ubiquinol ) * ( Ubiquinone / kM_R26_Ubiquinone ) * ( Succinate / kM_R26_Succinate ) - kC_R26 / sqrt( kEQ_R26  * kM_R26_Ubiquinone * kM_R26_Succinate / kM_R26_Fumarate / kM_R26_Ubiquinol ) * ( Fumarate / kM_R26_Fumarate ) * ( Ubiquinol / kM_R26_Ubiquinol ) ) / ( ( 1 + Ubiquinone / kM_R26_Ubiquinone ) * ( 1 + Succinate / kM_R26_Succinate ) + ( 1 + Fumarate / kM_R26_Fumarate ) * ( 1 + Ubiquinol / kM_R26_Ubiquinol ) - 1 )
FUM_R01082	Fumarate <=> _S__Malate	FUM_R01082	fum	R01082	True	FUM	Common saturable (CM)	u_R27 * ( kC_R27 * sqrt( kEQ_R27  * kM_R27_Fumarate / kM_R27__S__Malate ) * ( Fumarate / kM_R27_Fumarate ) - kC_R27 / sqrt( kEQ_R27  * kM_R27_Fumarate / kM_R27__S__Malate ) * ( _S__Malate / kM_R27__S__Malate ) ) / ( ( 1 + Fumarate / kM_R27_Fumarate ) + ( 1 + _S__Malate / kM_R27__S__Malate ) - 1 )
MDH_R00342	_S__Malate + NADplus <=> NADH + Oxaloacetate	MDH_R00342	mdh	R00342	True	MDH	Common saturable (CM)	u_R28 * ( kC_R28 * sqrt( kEQ_R28  * kM_R28__S__Malate * kM_R28_NADplus / kM_R28_NADH / kM_R28_Oxaloacetate ) * ( _S__Malate / kM_R28__S__Malate ) * ( NADplus / kM_R28_NADplus ) - kC_R28 / sqrt( kEQ_R28  * kM_R28__S__Malate * kM_R28_NADplus / kM_R28_NADH / kM_R28_Oxaloacetate ) * ( NADH / kM_R28_NADH ) * ( Oxaloacetate / kM_R28_Oxaloacetate ) ) / ( ( 1 + _S__Malate / kM_R28__S__Malate ) * ( 1 + NADplus / kM_R28_NADplus ) + ( 1 + NADH / kM_R28_NADH ) * ( 1 + Oxaloacetate / kM_R28_Oxaloacetate ) - 1 )
PPC_R00345	Orthophosphate + Oxaloacetate <=> CO2 + Phosphoenolpyruvate	PPC_R00345	ppc	R00345	True	PPC	Common saturable (CM)	u_R29 * ( kC_R29 * sqrt( kEQ_R29  * kM_R29_Orthophosphate * kM_R29_Oxaloacetate / kM_R29_CO2 / kM_R29_Phosphoenolpyruvate ) * ( Orthophosphate / kM_R29_Orthophosphate ) * ( Oxaloacetate / kM_R29_Oxaloacetate ) - kC_R29 / sqrt( kEQ_R29  * kM_R29_Orthophosphate * kM_R29_Oxaloacetate / kM_R29_CO2 / kM_R29_Phosphoenolpyruvate ) * ( CO2 / kM_R29_CO2 ) * ( Phosphoenolpyruvate / kM_R29_Phosphoenolpyruvate ) ) / ( ( 1 + Orthophosphate / kM_R29_Orthophosphate ) * ( 1 + Oxaloacetate / kM_R29_Oxaloacetate ) + ( 1 + CO2 / kM_R29_CO2 ) * ( 1 + Phosphoenolpyruvate / kM_R29_Phosphoenolpyruvate ) - 1 )
Overflow	Acetyl_CoA <=> CoA	Overflow	ovf	Overflow	True	Ovf	Common saturable (CM)	u_R30 * ( kC_R30 * sqrt( kEQ_R30  * kM_R30_Acetyl_CoA / kM_R30_CoA ) * ( Acetyl_CoA / kM_R30_Acetyl_CoA ) - kC_R30 / sqrt( kEQ_R30  * kM_R30_Acetyl_CoA / kM_R30_CoA ) * ( CoA / kM_R30_CoA ) ) / ( ( 1 + Acetyl_CoA / kM_R30_Acetyl_CoA ) + ( 1 + CoA / kM_R30_CoA ) - 1 )
OxAConsumption	Oxaloacetate <=> 	OxAConsumption	oxc	OxAConsumption	True	OxC	Common saturable (CM)	u_R31 * ( kC_R31 * sqrt( kEQ_R31  * kM_R31_Oxaloacetate ) * ( Oxaloacetate / kM_R31_Oxaloacetate ) - kC_R31 / sqrt( kEQ_R31  * kM_R31_Oxaloacetate ) ) / ( ( 1 + Oxaloacetate / kM_R31_Oxaloacetate ) +  - 1 )
								
!!SBtab TableID='Compound' TableType='Compound' TableName='Compound'								
!ID	!Name	!NameForPlots	!Identifiers:kegg.compound	!IsConstant	!InitialConcentration			
_S__Malate	(S)-Malate	(S)-Malate	C00149	False	1.6853424			
Acetyl_CoA	Acetyl-CoA	Acetyl-CoA	C00024	False	0.606			
Fumarate	Fumarate	Fumarate	C00122	False	0.54824225			
cis_Aconitate	cis-Aconitate	cis-Aconitate	C00417	False	0.0161			
_6_Phospho_D_gluconate	6-Phospho-D-gluconate	6-Phospho-D-gluconate	C00345	False	0.27853881			
Orthophosphate	Orthophosphate	Orthophosphate	C00009	True	13.915898			
Pyruvate	Pyruvate	Pyruvate	C00022	False	1.4051541			
NADPplus	NADP+	NADP+	C00006	True	0.011288198			
NADPH	NADPH	NADPH	C00005	True	0.11389157			
NADH	NADH	NADH	C00004	True	0.02741513			
NADplus	NAD+	NAD+	C00003	True	2.1128133			
ATP	ATP	ATP	C00002	True	3.4491395			
H2O	H2O	H2O	C00001	True	0.1			
_2_Oxoglutarate	2-Oxoglutarate	2-Oxoglutarate	C00026	False	0.6369486			
Oxaloacetate	Oxaloacetate	Oxaloacetate	C00036	False	0.060779001			
Ubiquinone	Ubiquinone	Ubiquinone	C00399	True	0.1			
D_Erythrose_4_phosphate	D-Erythrose 4-phosphate	D-Erythrose 4-phosphate	C00279	False	0.026636791			
Ubiquinol	Ubiquinol	Ubiquinol	C00390	True	0.099999999			
ADP	ADP	ADP	C00008	True	0.60461237			
Isocitrate	Isocitrate	Isocitrate	C00311	False	0.008160872			
D_Ribulose_5_phosphate	D-Ribulose 5-phosphate	D-Ribulose 5-phosphate	C00199	False	0.65875602			
D_Xylulose_5_phosphate	D-Xylulose 5-phosphate	D-Xylulose 5-phosphate	C00231	False	0.59461428			
D_Glucose_6_phosphate	D-Glucose 6-phosphate	D-Glucose 6-phosphate	C00092	False	0.94916067			
_3_Phospho_D_glyceroyl_phosphate	3-Phospho-D-glyceroyl phosphate	3-Phospho-D-glyceroyl phosphate	C00236	False	0.050794221			
CoA	CoA	CoA	C00010	False	1.37			
CO2	CO2	CO2	C00011	True	0.099999993			
D_Ribose_5_phosphate	D-Ribose 5-phosphate	D-Ribose 5-phosphate	C00117	False	0.23022876			
Glycerone_phosphate	Glycerone phosphate	Glycerone phosphate	C00111	False	1.3202889			
D_Glucose	D-Glucose	D-Glucose	C00031	True	17.363			
D_Fructose_1_6_bisphosphate	D-Fructose 1,6-bisphosphate	D-Fructose 1,6-bisphosphate	C00354	False	1.1609581			
D_Glyceraldehyde_3_phosphate	D-Glyceraldehyde 3-phosphate	D-Glyceraldehyde 3-phosphate	C00118	False	0.1104871			
Phosphoenolpyruvate	Phosphoenolpyruvate	Phosphoenolpyruvate	C00074	False	0.35315771			
Citrate	Citrate	Citrate	C00158	False	0.7028625			
Succinyl_CoA	Succinyl-CoA	Succinyl-CoA	C00091	False	0.233			
_3_Phospho_D_glycerate	3-Phospho-D-glycerate	3-Phospho-D-glycerate	C00197	False	0.79582005			
D_Glucono_1_5_lactone_6_phosphate	D-Glucono-1,5-lactone 6-phosphate	D-Glucono-1,5-lactone 6-phosphate	C01236	False	0.099999998			
D_Fructose_6_phosphate	D-Fructose 6-phosphate	D-Fructose 6-phosphate	C00085	False	0.33596722			
_2_Phospho_D_glycerate	2-Phospho-D-glycerate	2-Phospho-D-glycerate	C00631	False	0.10058773			
Succinate	Succinate	Succinate	C00042	False	1.1853254			
Sedoheptulose_7_phosphate	Sedoheptulose 7-phosphate	Sedoheptulose 7-phosphate	C05382	False	0.13360419			
								
!!SBtab TableID='Position' TableType='Position' TableName='Position'								
!Element	!PositionX	!PositionY						
_S__Malate	0.32772	0.095058						
Acetyl_CoA	0.359426	0.22902						
Fumarate	0.362438	-0.001611						
cis_Aconitate	0.561709	0.210402						
_6_Phospho_D_gluconate	0.616335	0.956914						
Orthophosphate	0.056437	0.637639						
Pyruvate	0.352063	0.308997						
NADPplus	0.059533	0.388417						
NADPH	0.061081	0.44724						
NADH	0.059533	0.561789						
NADplus	0.057985	0.506062						
ATP	0.056437	0.698009						
H2O	0.448708	0.128361						
_2_Oxoglutarate	0.643751	0.055607						
Oxaloacetate	0.355831	0.176347						
Ubiquinone	0.331064	-0.009408						
D_Erythrose_4_phosphate	0.503642	0.870531						
Ubiquinol	0.317132	-0.032627						
ADP	0.054889	0.758379						
Isocitrate	0.637559	0.137648						
D_Ribulose_5_phosphate	0.668449	0.871147						
D_Xylulose_5_phosphate	0.60891	0.841377						
D_Glucose_6_phosphate	0.351859	0.965424						
_3_Phospho_D_glyceroyl_phosphate	0.352021	0.64203						
CoA	0.391786	0.278709						
CO2	0.544682	0.123717						
D_Ribose_5_phosphate	0.613611	0.76147						
Glycerone_phosphate	0.267748	0.745939						
D_Glucose	0.110615	0.965805						
D_Fructose_1_6_bisphosphate	0.351859	0.828211						
D_Glyceraldehyde_3_phosphate	0.352021	0.721029						
Phosphoenolpyruvate	0.352007	0.406884						
Citrate	0.445962	0.220921						
Succinyl_CoA	0.586477	-0.018695						
_3_Phospho_D_glycerate	0.352021	0.569228						
D_Glucono_1_5_lactone_6_phosphate	0.493599	0.982833						
D_Fructose_6_phosphate	0.351859	0.895258						
_2_Phospho_D_glycerate	0.352021	0.485582						
Succinate	0.465736	-0.051202						
Sedoheptulose_7_phosphate	0.574673	0.821603						
PTS_RPTSsy	0.181365	0.96522						
PGI_R02740	0.352063	0.923947						
PFK_R04779	0.333521	0.858996						
ALD_R01070	0.352021	0.790734						
TIM_R01015	0.297009	0.716584						
GAP_R01061	0.351954	0.683129						
PGK_R01512	0.352471	0.606396						
PGM_R01518	0.352021	0.524307						
PGH_R00658	0.352007	0.437823						
PYK_R00200	0.352063	0.353918						
PDH_R00209	0.352021	0.265625						
ZWF_R00835	0.428585	0.982833						
GLH_R02035	0.584929	0.973545						
PGD_R01528	0.651221	0.918706						
RPI_R01056	0.663749	0.80064						
RPE_R01529	0.637113	0.860179						
TXT_R01641	0.501711	0.735972						
TAL_R08575	0.566723	0.88656						
TXT_R01067	0.426938	0.837812						
CSN_R00351	0.392982	0.198019						
ACN_R01325	0.505983	0.224334						
ACN_R01900	0.61434	0.176347						
ICD_R00709	0.645299	0.100497						
KGD_R08549	0.62208	0.016908						
SCS_R00405	0.535394	-0.037271						
SDH_R02164	0.402092	-0.03917						
FUM_R01082	0.340351	0.035483						
MDH_R00342	0.33416	0.140744						
PPC_R00345	0.40095304	0.50690003						
Overflow	0.5	0.5						
OxAConsumption	0.8	0.8						
								
!!SBtab TableID='Parameter' TableType='Quantity' TableName='Parameter'								
!QuantityType	!Reaction	!Compound	!Mode	!Unit	!Reaction:Identifiers:kegg.reaction	!Compound:Identifiers:kegg.compound		
equilibrium constant	PTS_RPTSsy		57262184	dimensionless	RPTSsy			
equilibrium constant	PGI_R02740		0.36350845	dimensionless	R02740			
equilibrium constant	PFK_R04779		1764.8694	dimensionless	R04779			
equilibrium constant	ALD_R01070		0.1889019	dimensionless	R01070			
equilibrium constant	TIM_R01015		0.10733371	dimensionless	R01015			
equilibrium constant	GAP_R01061		0.00035180468	dimensionless	R01061			
equilibrium constant	PGK_R01512		1883.7137	dimensionless	R01512			
equilibrium constant	PGM_R01518		0.1881272	dimensionless	R01518			
equilibrium constant	PGH_R00658		5.202263	dimensionless	R00658			
equilibrium constant	PYK_R00200		22335.814	dimensionless	R00200			
equilibrium constant	PDH_R00209		1670759.7	dimensionless	R00209			
equilibrium constant	ZWF_R00835		12.916734	dimensionless	R00835			
equilibrium constant	GLH_R02035		20744.52	dimensionless	R02035			
equilibrium constant	PGD_R01528		12.330424	dimensionless	R01528			
equilibrium constant	RPI_R01056		2.264296	dimensionless	R01056			
equilibrium constant	RPE_R01529		3.9024941	dimensionless	R01529			
equilibrium constant	TXT_R01641		4.7316932	dimensionless	R01641			
equilibrium constant	TAL_R08575		1.3194676	dimensionless	R08575			
equilibrium constant	TXT_R01067		59.621212	dimensionless	R01067			
equilibrium constant	CSN_R00351		5416530.1	dimensionless	R00351			
equilibrium constant	ACN_R01325		0.034861263	dimensionless	R01325			
equilibrium constant	ACN_R01900		1.3190957	dimensionless	R01900			
equilibrium constant	ICD_R00709		100.21644	dimensionless	R00709			
equilibrium constant	KGD_R08549		92567.323	dimensionless	R08549			
equilibrium constant	SCS_R00405		0.58290232	dimensionless	R00405			
equilibrium constant	SDH_R02164		6026.7589	dimensionless	R02164			
equilibrium constant	FUM_R01082		4.0148279	dimensionless	R01082			
equilibrium constant	MDH_R00342		1.940976e-05	dimensionless	R00342			
equilibrium constant	PPC_R00345		3.7190993e-07	dimensionless	R00345			
equilibrium constant	Overflow		1	dimensionless	Overflow			
equilibrium constant	OxAConsumption		1	dimensionless	OxAConsumption			
catalytic rate constant geometric mean	PTS_RPTSsy		NaN	1/s	RPTSsy			
catalytic rate constant geometric mean	PGI_R02740		NaN	1/s	R02740			
catalytic rate constant geometric mean	PFK_R04779		NaN	1/s	R04779			
catalytic rate constant geometric mean	ALD_R01070		NaN	1/s	R01070			
catalytic rate constant geometric mean	TIM_R01015		1060.6602	1/s	R01015			
catalytic rate constant geometric mean	GAP_R01061		172.08719	1/s	R01061			
catalytic rate constant geometric mean	PGK_R01512		236.52354	1/s	R01512			
catalytic rate constant geometric mean	PGM_R01518		117.66974	1/s	R01518			
catalytic rate constant geometric mean	PGH_R00658		NaN	1/s	R00658			
catalytic rate constant geometric mean	PYK_R00200		NaN	1/s	R00200			
catalytic rate constant geometric mean	PDH_R00209		1.7083033	1/s	R00209			
catalytic rate constant geometric mean	ZWF_R00835		315.2047	1/s	R00835			
catalytic rate constant geometric mean	GLH_R02035		NaN	1/s	R02035			
catalytic rate constant geometric mean	PGD_R01528		51.87217	1/s	R01528			
catalytic rate constant geometric mean	RPI_R01056		1128.6376	1/s	R01056			
catalytic rate constant geometric mean	RPE_R01529		487.01987	1/s	R01529			
catalytic rate constant geometric mean	TXT_R01641		NaN	1/s	R01641			
catalytic rate constant geometric mean	TAL_R08575		NaN	1/s	R08575			
catalytic rate constant geometric mean	TXT_R01067		NaN	1/s	R01067			
catalytic rate constant geometric mean	CSN_R00351		69.518014	1/s	R00351			
catalytic rate constant geometric mean	ACN_R01325		NaN	1/s	R01325			
catalytic rate constant geometric mean	ACN_R01900		NaN	1/s	R01900			
catalytic rate constant geometric mean	ICD_R00709		56.471232	1/s	R00709			
catalytic rate constant geometric mean	KGD_R08549		NaN	1/s	R08549			
catalytic rate constant geometric mean	SCS_R00405		95.468278	1/s	R00405			
catalytic rate constant geometric mean	SDH_R02164		82.509888	1/s	R02164			
catalytic rate constant geometric mean	FUM_R01082		217.26756	1/s	R01082			
catalytic rate constant geometric mean	MDH_R00342		485.6488	1/s	R00342			
catalytic rate constant geometric mean	PPC_R00345		NaN	1/s	R00345			
catalytic rate constant geometric mean	Overflow		NaN	1/s	Overflow			
catalytic rate constant geometric mean	OxAConsumption		NaN	1/s	OxAConsumption			
Michaelis constant	FUM_R01082	_S__Malate	0.64666009	mM	R01082	C00149		
Michaelis constant	MDH_R00342	_S__Malate	0.59870169	mM	R00342	C00149		
Michaelis constant	PDH_R00209	Acetyl_CoA	0.030581258	mM	R00209	C00024		
Michaelis constant	CSN_R00351	Acetyl_CoA	0.050864382	mM	R00351	C00024		
Michaelis constant	Overflow	Acetyl_CoA	1	mM	Overflow	C00024		
Michaelis constant	SDH_R02164	Fumarate	0.10381729	mM	R02164	C00122		
Michaelis constant	FUM_R01082	Fumarate	0.18043722	mM	R01082	C00122		
Michaelis constant	ACN_R01325	cis_Aconitate	0.016657922	mM	R01325	C00417		
Michaelis constant	ACN_R01900	cis_Aconitate	0.016657922	mM	R01900	C00417		
Michaelis constant	GLH_R02035	_6_Phospho_D_gluconate	0.02	mM	R02035	C00345		
Michaelis constant	PGD_R01528	_6_Phospho_D_gluconate	0.017811853	mM	R01528	C00345		
Michaelis constant	GAP_R01061	Orthophosphate	1	mM	R01061	C00009		
Michaelis constant	SCS_R00405	Orthophosphate	1.003992	mM	R00405	C00009		
Michaelis constant	PPC_R00345	Orthophosphate	NaN	mM	R00345	C00009		
Michaelis constant	PTS_RPTSsy	Pyruvate	NaN	mM	RPTSsy	C00022		
Michaelis constant	PYK_R00200	Pyruvate	0.31	mM	R00200	C00022		
Michaelis constant	PDH_R00209	Pyruvate	0.01	mM	R00209	C00022		
Michaelis constant	ZWF_R00835	NADPplus	0.007	mM	R00835	C00006		
Michaelis constant	PGD_R01528	NADPplus	0.016784756	mM	R01528	C00006		
Michaelis constant	ZWF_R00835	NADPH	0.007	mM	R00835	C00005		
Michaelis constant	PGD_R01528	NADPH	0.00066332496	mM	R01528	C00005		
Michaelis constant	GAP_R01061	NADH	0.059	mM	R01061	C00004		
Michaelis constant	PDH_R00209	NADH	NaN	mM	R00209	C00004		
Michaelis constant	ICD_R00709	NADH	NaN	mM	R00709	C00004		
Michaelis constant	KGD_R08549	NADH	NaN	mM	R08549	C00004		
Michaelis constant	MDH_R00342	NADH	0.027138618	mM	R00342	C00004		
Michaelis constant	GAP_R01061	NADplus	0.09	mM	R01061	C00003		
Michaelis constant	PDH_R00209	NADplus	0.041024383	mM	R00209	C00003		
Michaelis constant	ICD_R00709	NADplus	0.08	mM	R00709	C00003		
Michaelis constant	KGD_R08549	NADplus	NaN	mM	R08549	C00003		
Michaelis constant	MDH_R00342	NADplus	0.12812311	mM	R00342	C00003		
Michaelis constant	PFK_R04779	ATP	0.12	mM	R04779	C00002		
Michaelis constant	PGK_R01512	ATP	0.48	mM	R01512	C00002		
Michaelis constant	PYK_R00200	ATP	0.25	mM	R00200	C00002		
Michaelis constant	SCS_R00405	ATP	0.090092484	mM	R00405	C00002		
Michaelis constant	ICD_R00709	_2_Oxoglutarate	NaN	mM	R00709	C00026		
Michaelis constant	KGD_R08549	_2_Oxoglutarate	4	mM	R08549	C00026		
Michaelis constant	CSN_R00351	Oxaloacetate	0.033920097	mM	R00351	C00036		
Michaelis constant	MDH_R00342	Oxaloacetate	0.034479991	mM	R00342	C00036		
Michaelis constant	PPC_R00345	Oxaloacetate	NaN	mM	R00345	C00036		
Michaelis constant	OxAConsumption	Oxaloacetate	1	mM	OxAConsumption	C00036		
Michaelis constant	SDH_R02164	Ubiquinone	0.037084298	mM	R02164	C00399		
Michaelis constant	TAL_R08575	D_Erythrose_4_phosphate	0.031862242	mM	R08575	C00279		
Michaelis constant	TXT_R01067	D_Erythrose_4_phosphate	0.36	mM	R01067	C00279		
Michaelis constant	SDH_R02164	Ubiquinol	NaN	mM	R02164	C00390		
Michaelis constant	PFK_R04779	ADP	0.82825117	mM	R04779	C00008		
Michaelis constant	PGK_R01512	ADP	0.2	mM	R01512	C00008		
Michaelis constant	PYK_R00200	ADP	0.25	mM	R00200	C00008		
Michaelis constant	SCS_R00405	ADP	0.061357924	mM	R00405	C00008		
Michaelis constant	ACN_R01900	Isocitrate	0.19745878	mM	R01900	C00311		
Michaelis constant	ICD_R00709	Isocitrate	2.4	mM	R00709	C00311		
Michaelis constant	PGD_R01528	D_Ribulose_5_phosphate	0.14142136	mM	R01528	C00199		
Michaelis constant	RPI_R01056	D_Ribulose_5_phosphate	3.1464265	mM	R01056	C00199		
Michaelis constant	RPE_R01529	D_Ribulose_5_phosphate	0.86969557	mM	R01529	C00199		
Michaelis constant	RPE_R01529	D_Xylulose_5_phosphate	NaN	mM	R01529	C00231		
Michaelis constant	TXT_R01641	D_Xylulose_5_phosphate	0.49	mM	R01641	C00231		
Michaelis constant	TXT_R01067	D_Xylulose_5_phosphate	0.49	mM	R01067	C00231		
Michaelis constant	PTS_RPTSsy	D_Glucose_6_phosphate	NaN	mM	RPTSsy	C00092		
Michaelis constant	PGI_R02740	D_Glucose_6_phosphate	NaN	mM	R02740	C00092		
Michaelis constant	ZWF_R00835	D_Glucose_6_phosphate	0.174	mM	R00835	C00092		
Michaelis constant	GAP_R01061	_3_Phospho_D_glyceroyl_phosphate	0.05	mM	R01061	C00236		
Michaelis constant	PGK_R01512	_3_Phospho_D_glyceroyl_phosphate	0.0018	mM	R01512	C00236		
Michaelis constant	PDH_R00209	CoA	0.0034641016	mM	R00209	C00010		
Michaelis constant	CSN_R00351	CoA	NaN	mM	R00351	C00010		
Michaelis constant	KGD_R08549	CoA	NaN	mM	R08549	C00010		
Michaelis constant	SCS_R00405	CoA	0.086881013	mM	R00405	C00010		
Michaelis constant	Overflow	CoA	1	mM	Overflow	C00010		
Michaelis constant	PDH_R00209	CO2	NaN	mM	R00209	C00011		
Michaelis constant	PGD_R01528	CO2	41.231056	mM	R01528	C00011		
Michaelis constant	ICD_R00709	CO2	NaN	mM	R00709	C00011		
Michaelis constant	KGD_R08549	CO2	NaN	mM	R08549	C00011		
Michaelis constant	PPC_R00345	CO2	0.19	mM	R00345	C00011		
Michaelis constant	RPI_R01056	D_Ribose_5_phosphate	2.2	mM	R01056	C00117		
Michaelis constant	TXT_R01641	D_Ribose_5_phosphate	0.53	mM	R01641	C00117		
Michaelis constant	ALD_R01070	Glycerone_phosphate	0.16124515	mM	R01070	C00111		
Michaelis constant	TIM_R01015	Glycerone_phosphate	1	mM	R01015	C00111		
Michaelis constant	PTS_RPTSsy	D_Glucose	NaN	mM	RPTSsy	C00031		
Michaelis constant	PFK_R04779	D_Fructose_1_6_bisphosphate	NaN	mM	R04779	C00354		
Michaelis constant	ALD_R01070	D_Fructose_1_6_bisphosphate	NaN	mM	R01070	C00354		
Michaelis constant	ALD_R01070	D_Glyceraldehyde_3_phosphate	0.13076697	mM	R01070	C00118		
Michaelis constant	TIM_R01015	D_Glyceraldehyde_3_phosphate	1	mM	R01015	C00118		
Michaelis constant	GAP_R01061	D_Glyceraldehyde_3_phosphate	0.21	mM	R01061	C00118		
Michaelis constant	TXT_R01641	D_Glyceraldehyde_3_phosphate	4.9	mM	R01641	C00118		
Michaelis constant	TAL_R08575	D_Glyceraldehyde_3_phosphate	0.084433137	mM	R08575	C00118		
Michaelis constant	TXT_R01067	D_Glyceraldehyde_3_phosphate	4.9	mM	R01067	C00118		
Michaelis constant	PTS_RPTSsy	Phosphoenolpyruvate	NaN	mM	RPTSsy	C00074		
Michaelis constant	PGH_R00658	Phosphoenolpyruvate	0.3	mM	R00658	C00074		
Michaelis constant	PYK_R00200	Phosphoenolpyruvate	0.31	mM	R00200	C00074		
Michaelis constant	PPC_R00345	Phosphoenolpyruvate	0.38431493	mM	R00345	C00074		
Michaelis constant	CSN_R00351	Citrate	0.001	mM	R00351	C00158		
Michaelis constant	ACN_R01325	Citrate	0.73118139	mM	R01325	C00158		
Michaelis constant	KGD_R08549	Succinyl_CoA	0.077459667	mM	R08549	C00091		
Michaelis constant	SCS_R00405	Succinyl_CoA	0.027912311	mM	R00405	C00091		
Michaelis constant	PGK_R01512	_3_Phospho_D_glycerate	0.69	mM	R01512	C00197		
Michaelis constant	PGM_R01518	_3_Phospho_D_glycerate	0.65	mM	R01518	C00197		
Michaelis constant	ZWF_R00835	D_Glucono_1_5_lactone_6_phosphate	0.174	mM	R00835	C01236		
Michaelis constant	GLH_R02035	D_Glucono_1_5_lactone_6_phosphate	0.02	mM	R02035	C01236		
Michaelis constant	PGI_R02740	D_Fructose_6_phosphate	NaN	mM	R02740	C00085		
Michaelis constant	PFK_R04779	D_Fructose_6_phosphate	NaN	mM	R04779	C00085		
Michaelis constant	TAL_R08575	D_Fructose_6_phosphate	0.49559808	mM	R08575	C00085		
Michaelis constant	TXT_R01067	D_Fructose_6_phosphate	7	mM	R01067	C00085		
Michaelis constant	PGM_R01518	_2_Phospho_D_glycerate	0.041	mM	R01518	C00631		
Michaelis constant	PGH_R00658	_2_Phospho_D_glycerate	0.3	mM	R00658	C00631		
Michaelis constant	SCS_R00405	Succinate	2.2969796	mM	R00405	C00042		
Michaelis constant	SDH_R02164	Succinate	0.11895397	mM	R02164	C00042		
Michaelis constant	TXT_R01641	Sedoheptulose_7_phosphate	4	mM	R01641	C05382		
Michaelis constant	TAL_R08575	Sedoheptulose_7_phosphate	0.28683033	mM	R08575	C05382		
substrate catalytic rate constant	PTS_RPTSsy		15	1/s	RPTSsy			
substrate catalytic rate constant	PGI_R02740		125.62172	1/s	R02740			
substrate catalytic rate constant	PFK_R04779		41.75	1/s	R04779			
substrate catalytic rate constant	ALD_R01070		NaN	1/s	R01070			
substrate catalytic rate constant	TIM_R01015		4500	1/s	R01015			
substrate catalytic rate constant	GAP_R01061		134	1/s	R01061			
substrate catalytic rate constant	PGK_R01512		67.158925	1/s	R01512			
substrate catalytic rate constant	PGM_R01518		530	1/s	R01518			
substrate catalytic rate constant	PGH_R00658		197.83576	1/s	R00658			
substrate catalytic rate constant	PYK_R00200		67	1/s	R00200			
substrate catalytic rate constant	PDH_R00209		37.9	1/s	R00209			
substrate catalytic rate constant	ZWF_R00835		174	1/s	R00835			
substrate catalytic rate constant	GLH_R02035		468	1/s	R02035			
substrate catalytic rate constant	PGD_R01528		27.456347	1/s	R01528			
substrate catalytic rate constant	RPI_R01056		1405.8805	1/s	R01056			
substrate catalytic rate constant	RPE_R01529		1300	1/s	R01529			
substrate catalytic rate constant	TXT_R01641		45	1/s	R01641			
substrate catalytic rate constant	TAL_R08575		6.44	1/s	R08575			
substrate catalytic rate constant	TXT_R01067		69	1/s	R01067			
substrate catalytic rate constant	CSN_R00351		40.499408	1/s	R00351			
substrate catalytic rate constant	ACN_R01325		3.3	1/s	R01325			
substrate catalytic rate constant	ACN_R01900		3.3	1/s	R01900			
substrate catalytic rate constant	ICD_R00709		106.3	1/s	R00709			
substrate catalytic rate constant	KGD_R08549		NaN	1/s	R08549			
substrate catalytic rate constant	SCS_R00405		201	1/s	R00405			
substrate catalytic rate constant	SDH_R02164		85.572486	1/s	R02164			
substrate catalytic rate constant	FUM_R01082		409.59643	1/s	R01082			
substrate catalytic rate constant	MDH_R00342		1034.7807	1/s	R00342			
substrate catalytic rate constant	PPC_R00345		270	1/s	R00345			
substrate catalytic rate constant	Overflow		1	1/s	Overflow			
substrate catalytic rate constant	OxAConsumption		1	1/s	OxAConsumption			
product catalytic rate constant	PTS_RPTSsy		NaN	1/s	RPTSsy			
product catalytic rate constant	PGI_R02740		NaN	1/s	R02740			
product catalytic rate constant	PFK_R04779		NaN	1/s	R04779			
product catalytic rate constant	ALD_R01070		NaN	1/s	R01070			
product catalytic rate constant	TIM_R01015		250	1/s	R01015			
product catalytic rate constant	GAP_R01061		221	1/s	R01061			
product catalytic rate constant	PGK_R01512		833	1/s	R01512			
product catalytic rate constant	PGM_R01518		26.124843	1/s	R01518			
product catalytic rate constant	PGH_R00658		NaN	1/s	R00658			
product catalytic rate constant	PYK_R00200		NaN	1/s	R00200			
product catalytic rate constant	PDH_R00209		0.077	1/s	R00209			
product catalytic rate constant	ZWF_R00835		571	1/s	R00835			
product catalytic rate constant	GLH_R02035		NaN	1/s	R02035			
product catalytic rate constant	PGD_R01528		98	1/s	R01528			
product catalytic rate constant	RPI_R01056		906.06764	1/s	R01056			
product catalytic rate constant	RPE_R01529		182.45258	1/s	R01529			
product catalytic rate constant	TXT_R01641		NaN	1/s	R01641			
product catalytic rate constant	TAL_R08575		NaN	1/s	R08575			
product catalytic rate constant	TXT_R01067		NaN	1/s	R01067			
product catalytic rate constant	CSN_R00351		119.32901	1/s	R00351			
product catalytic rate constant	ACN_R01325		NaN	1/s	R01325			
product catalytic rate constant	ACN_R01900		NaN	1/s	R01900			
product catalytic rate constant	ICD_R00709		30	1/s	R00709			
product catalytic rate constant	KGD_R08549		NaN	1/s	R08549			
product catalytic rate constant	SCS_R00405		45.344239	1/s	R00405			
product catalytic rate constant	SDH_R02164		79.556898	1/s	R02164			
product catalytic rate constant	FUM_R01082		115.24806	1/s	R01082			
product catalytic rate constant	MDH_R00342		227.92729	1/s	R00342			
product catalytic rate constant	PPC_R00345		NaN	1/s	R00345			
product catalytic rate constant	Overflow		1	1/s	Overflow			
product catalytic rate constant	OxAConsumption		1	1/s	OxAConsumption			
protein molecular mass	PTS_RPTSsy		255848	Da	RPTSsy			
protein molecular mass	PGI_R02740		61530	Da	R02740			
protein molecular mass	PFK_R04779		139360	Da	R04779			
protein molecular mass	ALD_R01070		39147	Da	R01070			
protein molecular mass	TIM_R01015		53940	Da	R01015			
protein molecular mass	GAP_R01061		35530	Da	R01061			
protein molecular mass	PGK_R01512		41120	Da	R01512			
protein molecular mass	PGM_R01518		28556	Da	R01518			
protein molecular mass	PGH_R00658		45650	Da	R00658			
protein molecular mass	PYK_R00200		50000	Da	R00200			
protein molecular mass	PDH_R00209		282880	Da	R00209			
protein molecular mass	ZWF_R00835		55700	Da	R00835			
protein molecular mass	GLH_R02035		36310	Da	R02035			
protein molecular mass	PGD_R01528		102960	Da	R01528			
protein molecular mass	RPI_R01056		19466	Da	R01056			
protein molecular mass	RPE_R01529		24554	Da	R01529			
protein molecular mass	TXT_R01641		73043	Da	R01641			
protein molecular mass	TAL_R08575		35219	Da	R08575			
protein molecular mass	TXT_R01067		73043	Da	R01067			
protein molecular mass	CSN_R00351		96020	Da	R00351			
protein molecular mass	ACN_R01325		95588	Da	R01325			
protein molecular mass	ACN_R01900		95588	Da	R01900			
protein molecular mass	ICD_R00709		45760	Da	R00709			
protein molecular mass	KGD_R08549		1209180	Da	R08549			
protein molecular mass	SCS_R00405		71170	Da	R00405			
protein molecular mass	SDH_R02164		792299	Da	R02164			
protein molecular mass	FUM_R01082		60000	Da	R01082			
protein molecular mass	MDH_R00342		32337	Da	R00342			
protein molecular mass	PPC_R00345		198120	Da	R00345			
protein molecular mass	Overflow		198120	Da	Overflow			
protein molecular mass	OxAConsumption		198120	Da	OxAConsumption			
molecular mass		_S__Malate	134	Da		C00149		
molecular mass		Acetyl_CoA	810	Da		C00024		
molecular mass		Fumarate	116	Da		C00122		
molecular mass		cis_Aconitate	174	Da		C00417		
molecular mass		_6_Phospho_D_gluconate	276	Da		C00345		
molecular mass		Orthophosphate	98	Da		C00009		
molecular mass		Pyruvate	88	Da		C00022		
molecular mass		NADPplus	744	Da		C00006		
molecular mass		NADPH	745	Da		C00005		
molecular mass		NADH	665	Da		C00004		
molecular mass		NADplus	664	Da		C00003		
molecular mass		ATP	507	Da		C00002		
molecular mass		H2O	NaN	Da		C00001		
molecular mass		_2_Oxoglutarate	146	Da		C00026		
molecular mass		Oxaloacetate	132	Da		C00036		
molecular mass		Ubiquinone	318	Da		C00399		
molecular mass		D_Erythrose_4_phosphate	200	Da		C00279		
molecular mass		Ubiquinol	320	Da		C00390		
molecular mass		ADP	427	Da		C00008		
molecular mass		Isocitrate	192	Da		C00311		
molecular mass		D_Ribulose_5_phosphate	230	Da		C00199		
molecular mass		D_Xylulose_5_phosphate	230	Da		C00231		
molecular mass		D_Glucose_6_phosphate	260	Da		C00092		
molecular mass		_3_Phospho_D_glyceroyl_phosphate	266	Da		C00236		
molecular mass		CoA	768	Da		C00010		
molecular mass		CO2	44	Da		C00011		
molecular mass		D_Ribose_5_phosphate	230	Da		C00117		
molecular mass		Glycerone_phosphate	170	Da		C00111		
molecular mass		D_Glucose	180	Da		C00031		
molecular mass		D_Fructose_1_6_bisphosphate	340	Da		C00354		
molecular mass		D_Glyceraldehyde_3_phosphate	170	Da		C00118		
molecular mass		Phosphoenolpyruvate	168	Da		C00074		
molecular mass		Citrate	192	Da		C00158		
molecular mass		Succinyl_CoA	868	Da		C00091		
molecular mass		_3_Phospho_D_glycerate	186	Da		C00197		
molecular mass		D_Glucono_1_5_lactone_6_phosphate	258	Da		C01236		
molecular mass		D_Fructose_6_phosphate	260	Da		C00085		
molecular mass		_2_Phospho_D_glycerate	186	Da		C00631		
molecular mass		Succinate	118	Da		C00042		
molecular mass		Sedoheptulose_7_phosphate	290	Da		C05382		
								
!!SBtab TableID='MetaboliteConcentration' TableType='Quantity' TableName='Metabolite concentration'								
!QuantityType	!Metabolite	!Value						
concentration	_S__Malate	1.6853424						
concentration	Acetyl_CoA	0.606						
concentration	Fumarate	0.54824225						
concentration	cis_Aconitate	0.0161						
concentration	_6_Phospho_D_gluconate	0.27853881						
concentration	Orthophosphate	13.915898						
concentration	Pyruvate	1.4051541						
concentration	NADPplus	0.011288198						
concentration	NADPH	0.11389157						
concentration	NADH	0.02741513						
concentration	NADplus	2.1128133						
concentration	ATP	3.4491395						
concentration	H2O	0.1						
concentration	_2_Oxoglutarate	0.6369486						
concentration	Oxaloacetate	0.060779001						
concentration	Ubiquinone	0.1						
concentration	D_Erythrose_4_phosphate	0.026636791						
concentration	Ubiquinol	0.099999999						
concentration	ADP	0.60461237						
concentration	Isocitrate	0.008160872						
concentration	D_Ribulose_5_phosphate	0.65875602						
concentration	D_Xylulose_5_phosphate	0.59461428						
concentration	D_Glucose_6_phosphate	0.94916067						
concentration	_3_Phospho_D_glyceroyl_phosphate	0.050794221						
concentration	CoA	1.37						
concentration	CO2	0.099999993						
concentration	D_Ribose_5_phosphate	0.23022876						
concentration	Glycerone_phosphate	1.3202889						
concentration	D_Glucose	17.363						
concentration	D_Fructose_1_6_bisphosphate	1.1609581						
concentration	D_Glyceraldehyde_3_phosphate	0.1104871						
concentration	Phosphoenolpyruvate	0.35315771						
concentration	Citrate	0.7028625						
concentration	Succinyl_CoA	0.233						
concentration	_3_Phospho_D_glycerate	0.79582005						
concentration	D_Glucono_1_5_lactone_6_phosphate	0.099999998						
concentration	D_Fructose_6_phosphate	0.33596722						
concentration	_2_Phospho_D_glycerate	0.10058773						
concentration	Succinate	1.1853254						
concentration	Sedoheptulose_7_phosphate	0.13360419						
								
!!SBtab TableID='Flux' TableType='Quantity' TableName='Flux'								
!QuantityType	!Reaction	!Value						
rate of reaction	PTS_RPTSsy	0.41394124						
rate of reaction	PGI_R02740	0.28185636						
rate of reaction	PFK_R04779	0.36991295						
rate of reaction	ALD_R01070	0.36991295						
rate of reaction	TIM_R01015	0.36991295						
rate of reaction	GAP_R01061	0.78385419						
rate of reaction	PGK_R01512	0.78385419						
rate of reaction	PGM_R01518	0.78385419						
rate of reaction	PGH_R00658	0.78385419						
rate of reaction	PYK_R00200	0.26991295						
rate of reaction	PDH_R00209	0.68385419						
rate of reaction	ZWF_R00835	0.13208488						
rate of reaction	GLH_R02035	0.13208488						
rate of reaction	PGD_R01528	0.13208488						
rate of reaction	RPI_R01056	0.044028294						
rate of reaction	RPE_R01529	0.088056588						
rate of reaction	TXT_R01641	0.044028294						
rate of reaction	TAL_R08575	0.044028294						
rate of reaction	TXT_R01067	0.044028294						
rate of reaction	CSN_R00351	0.11106978						
rate of reaction	ACN_R01325	0.11106978						
rate of reaction	ACN_R01900	0.11106978						
rate of reaction	ICD_R00709	0.11106978						
rate of reaction	KGD_R08549	0.11106978						
rate of reaction	SCS_R00405	0.11106978						
rate of reaction	SDH_R02164	0.11106978						
rate of reaction	FUM_R01082	0.11106978						
rate of reaction	MDH_R00342	0.11106978						
rate of reaction	PPC_R00345	-0.1						
rate of reaction	Overflow	0.57278441						
rate of reaction	OxAConsumption	0.1						
